{"cameraMode":{"drawMode":0,"name":"Shaded","section":"Shading Mode"},"sceneLighting":false,"audioPlay":false,"sceneViewState":{"m_AlwaysRefresh":false,"showFog":true,"showSkybox":false,"showFlares":true,"showImageEffects":true,"showParticleSystems":true,"showVisualEffectGraphs":true,"m_FxEnabled":true},"in2DMode":false,"pivot":{"x":2.407700538635254,"y":1.2055957317352296,"z":-1.8200321197509766},"rotation":{"x":0.04109350964426994,"y":0.9148614406585693,"z":-0.09641510993242264,"w":0.38992640376091006},"size":3.1995580196380617,"orthographic":true}