{"cameraMode":{"drawMode":0,"name":"Shaded","section":"Shading Mode"},"sceneLighting":false,"audioPlay":false,"sceneViewState":{"m_AlwaysRefresh":false,"showFog":true,"showSkybox":false,"showFlares":true,"showImageEffects":true,"showParticleSystems":true,"showVisualEffectGraphs":true,"m_FxEnabled":true},"in2DMode":false,"pivot":{"x":0.9281421899795532,"y":0.2920740842819214,"z":-1.9668442010879517},"rotation":{"x":0.14481092989444734,"y":-0.7428848147392273,"z":0.17050482332706452,"w":0.6309366226196289},"size":5.942087650299072,"orthographic":false}