{"cameraMode":{"drawMode":0,"name":"Shaded","section":"Shading Mode"},"sceneLighting":false,"audioPlay":false,"sceneViewState":{"m_AlwaysRefresh":false,"showFog":true,"showSkybox":false,"showFlares":true,"showImageEffects":true,"showParticleSystems":true,"showVisualEffectGraphs":true,"m_FxEnabled":true},"in2DMode":false,"pivot":{"x":-0.06989705562591553,"y":3.748110294342041,"z":0.4285680055618286},"rotation":{"x":0.21271203458309174,"y":-0.3923271894454956,"z":0.09377052634954453,"w":0.8899664282798767},"size":5.903451442718506,"orthographic":false}