{"cameraMode":{"drawMode":0,"name":"Shaded","section":"Shading Mode"},"sceneLighting":false,"audioPlay":false,"sceneViewState":{"m_AlwaysRefresh":false,"showFog":true,"showSkybox":false,"showFlares":true,"showImageEffects":true,"showParticleSystems":true,"showVisualEffectGraphs":true,"m_FxEnabled":true},"in2DMode":false,"pivot":{"x":0.1875011920928955,"y":0.016504976898431779,"z":0.06966456025838852},"rotation":{"x":0.033148329704999927,"y":-0.6699187159538269,"z":0.029965879395604135,"w":0.7410911917686462},"size":0.14990392327308656,"orthographic":true}