{"cameraMode":{"drawMode":0,"name":"Shaded","section":"Shading Mode"},"sceneLighting":false,"audioPlay":false,"sceneViewState":{"m_AlwaysRefresh":false,"showFog":true,"showSkybox":false,"showFlares":true,"showImageEffects":true,"showParticleSystems":true,"showVisualEffectGraphs":true,"m_FxEnabled":true},"in2DMode":false,"pivot":{"x":753.3299560546875,"y":-255.39541625976563,"z":532.4414672851563},"rotation":{"x":0.15910562872886659,"y":0.1257971227169037,"z":-0.020444396883249284,"w":0.9790011048316956},"size":0.8660253882408142,"orthographic":false}