{"cameraMode":{"drawMode":0,"name":"Shaded","section":"Shading Mode"},"sceneLighting":false,"audioPlay":false,"sceneViewState":{"m_AlwaysRefresh":false,"showFog":true,"showSkybox":false,"showFlares":true,"showImageEffects":true,"showParticleSystems":true,"showVisualEffectGraphs":true,"m_FxEnabled":true},"in2DMode":false,"pivot":{"x":-1.154343843460083,"y":2.4738502502441408,"z":0.17422649264335633},"rotation":{"x":0.11635996401309967,"y":-0.6577546000480652,"z":0.10386144369840622,"w":0.7369068264961243},"size":3.4216504096984865,"orthographic":false}