{"cameraMode":{"drawMode":0,"name":"Shaded","section":"Shading Mode"},"sceneLighting":false,"audioPlay":false,"sceneViewState":{"m_AlwaysRefresh":false,"showFog":true,"showSkybox":false,"showFlares":true,"showImageEffects":true,"showParticleSystems":true,"showVisualEffectGraphs":true,"m_FxEnabled":true},"in2DMode":false,"pivot":{"x":757.9843139648438,"y":-255.77845764160157,"z":529.2469482421875},"rotation":{"x":0.15910562872886659,"y":0.1257971227169037,"z":-0.020444396883249284,"w":0.9790011048316956},"size":2.5709478855133058,"orthographic":false}