{"cameraMode":{"drawMode":0,"name":"Shaded","section":"Shading Mode"},"sceneLighting":false,"audioPlay":false,"sceneViewState":{"m_AlwaysRefresh":false,"showFog":true,"showSkybox":false,"showFlares":true,"showImageEffects":true,"showParticleSystems":true,"showVisualEffectGraphs":true,"m_FxEnabled":true},"in2DMode":false,"pivot":{"x":-0.3458509147167206,"y":-0.16818726062774659,"z":0.10118377208709717},"rotation":{"x":0.4015239179134369,"y":-0.42702144384384158,"z":0.21987465023994447,"w":0.7798022031784058},"size":0.7348470687866211,"orthographic":false}