{"cameraMode":{"drawMode":0,"name":"Shaded","section":"Shading Mode"},"sceneLighting":false,"audioPlay":false,"sceneViewState":{"m_AlwaysRefresh":false,"showFog":true,"showSkybox":false,"showFlares":true,"showImageEffects":true,"showParticleSystems":true,"showVisualEffectGraphs":true,"m_FxEnabled":true},"in2DMode":false,"pivot":{"x":1.0473527908325196,"y":-1.6792867183685303,"z":22.114782333374025},"rotation":{"x":0.15910562872886659,"y":0.1257971227169037,"z":-0.020444396883249284,"w":0.9790011048316956},"size":1.6456834077835084,"orthographic":false}