{"cameraMode":{"drawMode":0,"name":"Shaded","section":"Shading Mode"},"sceneLighting":true,"audioPlay":false,"sceneViewState":{"m_AlwaysRefresh":false,"showFog":true,"showSkybox":false,"showFlares":true,"showImageEffects":true,"showParticleSystems":true,"showVisualEffectGraphs":true,"m_FxEnabled":true},"in2DMode":false,"pivot":{"x":-0.24424292147159577,"y":1.4567962884902955,"z":0.3164195120334625},"rotation":{"x":0.21271203458309174,"y":-0.3923271894454956,"z":0.09377052634954453,"w":0.8899664282798767},"size":4.466025352478027,"orthographic":false}