{"cameraMode":{"drawMode":0,"name":"Shaded","section":"Shading Mode"},"sceneLighting":false,"audioPlay":false,"sceneViewState":{"m_AlwaysRefresh":false,"showFog":true,"showSkybox":false,"showFlares":true,"showImageEffects":true,"showParticleSystems":true,"showVisualEffectGraphs":true,"m_FxEnabled":true},"in2DMode":false,"pivot":{"x":0.05385863780975342,"y":3.644217014312744,"z":0.1337895393371582},"rotation":{"x":0.21271203458309174,"y":-0.3923271894454956,"z":0.09377052634954453,"w":0.8899664282798767},"size":5.638772487640381,"orthographic":false}