{"cameraMode":{"drawMode":0,"name":"Shaded","section":"Shading Mode"},"sceneLighting":false,"audioPlay":false,"sceneViewState":{"m_AlwaysRefresh":false,"showFog":true,"showSkybox":false,"showFlares":true,"showImageEffects":true,"showParticleSystems":true,"showVisualEffectGraphs":true,"m_FxEnabled":true},"in2DMode":false,"pivot":{"x":-0.005211830139160156,"y":3.9856138229370119,"z":1.260878562927246},"rotation":{"x":0.21271203458309174,"y":-0.3923271894454956,"z":0.09377052634954453,"w":0.8899664282798767},"size":4.4710822105407719,"orthographic":false}